<?xml version="1.0" encoding="UTF-8"?>
<spirit:component xmlns:xilinx="http://www.xilinx.com" xmlns:spirit="http://www.spiritconsortium.org/XMLSchema/SPIRIT/1685-2009" xmlns:xsi="http://www.w3.org/2001/XMLSchema-instance">
  <spirit:vendor>xilinx.com</spirit:vendor>
  <spirit:library>hls</spirit:library>
  <spirit:name>mixer</spirit:name>
  <spirit:version>1.0</spirit:version>
  <spirit:busInterfaces>
    <spirit:busInterface>
      <spirit:name>s_axi_control</spirit:name>
      <spirit:busType spirit:vendor="xilinx.com" spirit:library="interface" spirit:name="aximm" spirit:version="1.0"/>
      <spirit:abstractionType spirit:vendor="xilinx.com" spirit:library="interface" spirit:name="aximm_rtl" spirit:version="1.0"/>
      <spirit:slave>
        <spirit:memoryMapRef spirit:memoryMapRef="s_axi_control"/>
      </spirit:slave>
      <spirit:portMaps>
        <spirit:portMap>
          <spirit:logicalPort>
            <spirit:name>ARADDR</spirit:name>
          </spirit:logicalPort>
          <spirit:physicalPort>
            <spirit:name>s_axi_control_ARADDR</spirit:name>
          </spirit:physicalPort>
        </spirit:portMap>
        <spirit:portMap>
          <spirit:logicalPort>
            <spirit:name>ARREADY</spirit:name>
          </spirit:logicalPort>
          <spirit:physicalPort>
            <spirit:name>s_axi_control_ARREADY</spirit:name>
          </spirit:physicalPort>
        </spirit:portMap>
        <spirit:portMap>
          <spirit:logicalPort>
            <spirit:name>ARVALID</spirit:name>
          </spirit:logicalPort>
          <spirit:physicalPort>
            <spirit:name>s_axi_control_ARVALID</spirit:name>
          </spirit:physicalPort>
        </spirit:portMap>
        <spirit:portMap>
          <spirit:logicalPort>
            <spirit:name>AWADDR</spirit:name>
          </spirit:logicalPort>
          <spirit:physicalPort>
            <spirit:name>s_axi_control_AWADDR</spirit:name>
          </spirit:physicalPort>
        </spirit:portMap>
        <spirit:portMap>
          <spirit:logicalPort>
            <spirit:name>AWREADY</spirit:name>
          </spirit:logicalPort>
          <spirit:physicalPort>
            <spirit:name>s_axi_control_AWREADY</spirit:name>
          </spirit:physicalPort>
        </spirit:portMap>
        <spirit:portMap>
          <spirit:logicalPort>
            <spirit:name>AWVALID</spirit:name>
          </spirit:logicalPort>
          <spirit:physicalPort>
            <spirit:name>s_axi_control_AWVALID</spirit:name>
          </spirit:physicalPort>
        </spirit:portMap>
        <spirit:portMap>
          <spirit:logicalPort>
            <spirit:name>BREADY</spirit:name>
          </spirit:logicalPort>
          <spirit:physicalPort>
            <spirit:name>s_axi_control_BREADY</spirit:name>
          </spirit:physicalPort>
        </spirit:portMap>
        <spirit:portMap>
          <spirit:logicalPort>
            <spirit:name>BRESP</spirit:name>
          </spirit:logicalPort>
          <spirit:physicalPort>
            <spirit:name>s_axi_control_BRESP</spirit:name>
          </spirit:physicalPort>
        </spirit:portMap>
        <spirit:portMap>
          <spirit:logicalPort>
            <spirit:name>BVALID</spirit:name>
          </spirit:logicalPort>
          <spirit:physicalPort>
            <spirit:name>s_axi_control_BVALID</spirit:name>
          </spirit:physicalPort>
        </spirit:portMap>
        <spirit:portMap>
          <spirit:logicalPort>
            <spirit:name>RDATA</spirit:name>
          </spirit:logicalPort>
          <spirit:physicalPort>
            <spirit:name>s_axi_control_RDATA</spirit:name>
          </spirit:physicalPort>
        </spirit:portMap>
        <spirit:portMap>
          <spirit:logicalPort>
            <spirit:name>RREADY</spirit:name>
          </spirit:logicalPort>
          <spirit:physicalPort>
            <spirit:name>s_axi_control_RREADY</spirit:name>
          </spirit:physicalPort>
        </spirit:portMap>
        <spirit:portMap>
          <spirit:logicalPort>
            <spirit:name>RRESP</spirit:name>
          </spirit:logicalPort>
          <spirit:physicalPort>
            <spirit:name>s_axi_control_RRESP</spirit:name>
          </spirit:physicalPort>
        </spirit:portMap>
        <spirit:portMap>
          <spirit:logicalPort>
            <spirit:name>RVALID</spirit:name>
          </spirit:logicalPort>
          <spirit:physicalPort>
            <spirit:name>s_axi_control_RVALID</spirit:name>
          </spirit:physicalPort>
        </spirit:portMap>
        <spirit:portMap>
          <spirit:logicalPort>
            <spirit:name>WDATA</spirit:name>
          </spirit:logicalPort>
          <spirit:physicalPort>
            <spirit:name>s_axi_control_WDATA</spirit:name>
          </spirit:physicalPort>
        </spirit:portMap>
        <spirit:portMap>
          <spirit:logicalPort>
            <spirit:name>WREADY</spirit:name>
          </spirit:logicalPort>
          <spirit:physicalPort>
            <spirit:name>s_axi_control_WREADY</spirit:name>
          </spirit:physicalPort>
        </spirit:portMap>
        <spirit:portMap>
          <spirit:logicalPort>
            <spirit:name>WSTRB</spirit:name>
          </spirit:logicalPort>
          <spirit:physicalPort>
            <spirit:name>s_axi_control_WSTRB</spirit:name>
          </spirit:physicalPort>
        </spirit:portMap>
        <spirit:portMap>
          <spirit:logicalPort>
            <spirit:name>WVALID</spirit:name>
          </spirit:logicalPort>
          <spirit:physicalPort>
            <spirit:name>s_axi_control_WVALID</spirit:name>
          </spirit:physicalPort>
        </spirit:portMap>
      </spirit:portMaps>
      <spirit:parameters>
        <spirit:parameter>
          <spirit:name>ADDR_WIDTH</spirit:name>
          <spirit:value spirit:id="BUSIFPARAM_VALUE.S_AXI_CONTROL.ADDR_WIDTH">6</spirit:value>
        </spirit:parameter>
        <spirit:parameter>
          <spirit:name>DATA_WIDTH</spirit:name>
          <spirit:value spirit:id="BUSIFPARAM_VALUE.S_AXI_CONTROL.DATA_WIDTH">32</spirit:value>
        </spirit:parameter>
        <spirit:parameter>
          <spirit:name>PROTOCOL</spirit:name>
          <spirit:value spirit:id="BUSIFPARAM_VALUE.S_AXI_CONTROL.PROTOCOL">AXI4LITE</spirit:value>
        </spirit:parameter>
        <spirit:parameter>
          <spirit:name>READ_WRITE_MODE</spirit:name>
          <spirit:value spirit:id="BUSIFPARAM_VALUE.S_AXI_CONTROL.READ_WRITE_MODE">READ_WRITE</spirit:value>
        </spirit:parameter>
      </spirit:parameters>
    </spirit:busInterface>
    <spirit:busInterface>
      <spirit:name>ap_clk</spirit:name>
      <spirit:busType spirit:vendor="xilinx.com" spirit:library="signal" spirit:name="clock" spirit:version="1.0"/>
      <spirit:abstractionType spirit:vendor="xilinx.com" spirit:library="signal" spirit:name="clock_rtl" spirit:version="1.0"/>
      <spirit:slave/>
      <spirit:portMaps>
        <spirit:portMap>
          <spirit:logicalPort>
            <spirit:name>CLK</spirit:name>
          </spirit:logicalPort>
          <spirit:physicalPort>
            <spirit:name>ap_clk</spirit:name>
          </spirit:physicalPort>
        </spirit:portMap>
      </spirit:portMaps>
      <spirit:parameters>
        <spirit:parameter>
          <spirit:name>ASSOCIATED_BUSIF</spirit:name>
          <spirit:value spirit:id="BUSIFPARAM_VALUE.AP_CLK.ASSOCIATED_BUSIF">s_axi_control</spirit:value>
        </spirit:parameter>
        <spirit:parameter>
          <spirit:name>ASSOCIATED_RESET</spirit:name>
          <spirit:value spirit:id="BUSIFPARAM_VALUE.AP_CLK.ASSOCIATED_RESET">ap_rst_n</spirit:value>
        </spirit:parameter>
      </spirit:parameters>
    </spirit:busInterface>
    <spirit:busInterface>
      <spirit:name>ap_rst_n</spirit:name>
      <spirit:busType spirit:vendor="xilinx.com" spirit:library="signal" spirit:name="reset" spirit:version="1.0"/>
      <spirit:abstractionType spirit:vendor="xilinx.com" spirit:library="signal" spirit:name="reset_rtl" spirit:version="1.0"/>
      <spirit:slave/>
      <spirit:portMaps>
        <spirit:portMap>
          <spirit:logicalPort>
            <spirit:name>RST</spirit:name>
          </spirit:logicalPort>
          <spirit:physicalPort>
            <spirit:name>ap_rst_n</spirit:name>
          </spirit:physicalPort>
        </spirit:portMap>
      </spirit:portMaps>
      <spirit:parameters>
        <spirit:parameter>
          <spirit:name>POLARITY</spirit:name>
          <spirit:value spirit:id="BUSIFPARAM_VALUE.AP_RST_N.POLARITY">ACTIVE_LOW</spirit:value>
        </spirit:parameter>
      </spirit:parameters>
    </spirit:busInterface>
    <spirit:busInterface>
      <spirit:name>interrupt</spirit:name>
      <spirit:busType spirit:vendor="xilinx.com" spirit:library="signal" spirit:name="interrupt" spirit:version="1.0"/>
      <spirit:abstractionType spirit:vendor="xilinx.com" spirit:library="signal" spirit:name="interrupt_rtl" spirit:version="1.0"/>
      <spirit:master/>
      <spirit:portMaps>
        <spirit:portMap>
          <spirit:logicalPort>
            <spirit:name>INTERRUPT</spirit:name>
          </spirit:logicalPort>
          <spirit:physicalPort>
            <spirit:name>interrupt</spirit:name>
          </spirit:physicalPort>
        </spirit:portMap>
      </spirit:portMaps>
      <spirit:parameters>
        <spirit:parameter>
          <spirit:name>SENSITIVITY</spirit:name>
          <spirit:value spirit:id="BUSIFPARAM_VALUE.INTERRUPT.SENSITIVITY">LEVEL_HIGH</spirit:value>
        </spirit:parameter>
      </spirit:parameters>
    </spirit:busInterface>
  </spirit:busInterfaces>
  <spirit:memoryMaps>
    <spirit:memoryMap>
      <spirit:name>s_axi_control</spirit:name>
      <spirit:addressBlock>
        <spirit:name>Reg</spirit:name>
        <spirit:baseAddress spirit:format="long">0</spirit:baseAddress>
        <spirit:range spirit:format="long" spirit:resolve="generated">65536</spirit:range>
        <spirit:width spirit:format="long">32</spirit:width>
        <spirit:usage>register</spirit:usage>
        <spirit:access>read-write</spirit:access>
        <spirit:parameters>
          <spirit:parameter>
            <spirit:name>OFFSET_BASE_PARAM</spirit:name>
            <spirit:value spirit:id="ADDRBLOCKPARAM_VALUE.S_AXI_CONTROL.REG.OFFSET_BASE_PARAM">C_S_AXI_CONTROL_BASEADDR</spirit:value>
          </spirit:parameter>
          <spirit:parameter>
            <spirit:name>OFFSET_HIGH_PARAM</spirit:name>
            <spirit:value spirit:id="ADDRBLOCKPARAM_VALUE.S_AXI_CONTROL.REG.OFFSET_HIGH_PARAM">C_S_AXI_CONTROL_HIGHADDR</spirit:value>
          </spirit:parameter>
        </spirit:parameters>
        <spirit:register>
          <spirit:name>CTRL</spirit:name>
          <spirit:displayName>CTRL</spirit:displayName>
          <spirit:description>Control signals</spirit:description>
          <spirit:addressOffset>0</spirit:addressOffset>
          <spirit:size spirit:format="long">32</spirit:size>
          <spirit:access>read-write</spirit:access>
          <spirit:reset>
            <spirit:value spirit:format="long">0</spirit:value>
          </spirit:reset>
          <spirit:field>
            <spirit:name>AP_START</spirit:name>
            <spirit:description>Control signal Register for &apos;ap_start&apos;.</spirit:description>
            <spirit:bitOffset>0</spirit:bitOffset>
            <spirit:bitWidth spirit:format="long">1</spirit:bitWidth>
            <spirit:access>read-write</spirit:access>
            <spirit:modifiedWriteValue>modify</spirit:modifiedWriteValue>
            <spirit:writeValueConstraint>
              <spirit:minimum>0</spirit:minimum>
              <spirit:maximum>0</spirit:maximum>
            </spirit:writeValueConstraint>
            <spirit:testable spirit:testConstraint="unconstrained">false</spirit:testable>
          </spirit:field>
          <spirit:field>
            <spirit:name>AP_DONE</spirit:name>
            <spirit:description>Control signal Register for &apos;ap_done&apos;.</spirit:description>
            <spirit:bitOffset>1</spirit:bitOffset>
            <spirit:bitWidth spirit:format="long">1</spirit:bitWidth>
            <spirit:access>read-only</spirit:access>
            <spirit:writeValueConstraint>
              <spirit:minimum>0</spirit:minimum>
              <spirit:maximum>0</spirit:maximum>
            </spirit:writeValueConstraint>
            <spirit:readAction>modify</spirit:readAction>
            <spirit:testable spirit:testConstraint="unconstrained">false</spirit:testable>
          </spirit:field>
          <spirit:field>
            <spirit:name>AP_IDLE</spirit:name>
            <spirit:description>Control signal Register for &apos;ap_idle&apos;.</spirit:description>
            <spirit:bitOffset>2</spirit:bitOffset>
            <spirit:bitWidth spirit:format="long">1</spirit:bitWidth>
            <spirit:access>read-only</spirit:access>
            <spirit:writeValueConstraint>
              <spirit:minimum>0</spirit:minimum>
              <spirit:maximum>0</spirit:maximum>
            </spirit:writeValueConstraint>
            <spirit:readAction>modify</spirit:readAction>
            <spirit:testable spirit:testConstraint="unconstrained">false</spirit:testable>
          </spirit:field>
          <spirit:field>
            <spirit:name>AP_READY</spirit:name>
            <spirit:description>Control signal Register for &apos;ap_ready&apos;.</spirit:description>
            <spirit:bitOffset>3</spirit:bitOffset>
            <spirit:bitWidth spirit:format="long">1</spirit:bitWidth>
            <spirit:access>read-only</spirit:access>
            <spirit:writeValueConstraint>
              <spirit:minimum>0</spirit:minimum>
              <spirit:maximum>0</spirit:maximum>
            </spirit:writeValueConstraint>
            <spirit:readAction>modify</spirit:readAction>
            <spirit:testable spirit:testConstraint="unconstrained">false</spirit:testable>
          </spirit:field>
          <spirit:field>
            <spirit:name>RESERVED_1</spirit:name>
            <spirit:description>Reserved.  0s on read.</spirit:description>
            <spirit:bitOffset>4</spirit:bitOffset>
            <spirit:bitWidth spirit:format="long">3</spirit:bitWidth>
            <spirit:access>read-only</spirit:access>
            <spirit:writeValueConstraint>
              <spirit:minimum>0</spirit:minimum>
              <spirit:maximum>0</spirit:maximum>
            </spirit:writeValueConstraint>
            <spirit:readAction>modify</spirit:readAction>
            <spirit:testable spirit:testConstraint="unconstrained">false</spirit:testable>
          </spirit:field>
          <spirit:field>
            <spirit:name>AUTO_RESTART</spirit:name>
            <spirit:description>Control signal Register for &apos;auto_restart&apos;.</spirit:description>
            <spirit:bitOffset>7</spirit:bitOffset>
            <spirit:bitWidth spirit:format="long">1</spirit:bitWidth>
            <spirit:access>read-write</spirit:access>
            <spirit:modifiedWriteValue>modify</spirit:modifiedWriteValue>
            <spirit:writeValueConstraint>
              <spirit:minimum>0</spirit:minimum>
              <spirit:maximum>0</spirit:maximum>
            </spirit:writeValueConstraint>
            <spirit:testable spirit:testConstraint="unconstrained">false</spirit:testable>
          </spirit:field>
          <spirit:field>
            <spirit:name>RESERVED_2</spirit:name>
            <spirit:description>Reserved.  0s on read.</spirit:description>
            <spirit:bitOffset>8</spirit:bitOffset>
            <spirit:bitWidth spirit:format="long">1</spirit:bitWidth>
            <spirit:access>read-only</spirit:access>
            <spirit:writeValueConstraint>
              <spirit:minimum>0</spirit:minimum>
              <spirit:maximum>0</spirit:maximum>
            </spirit:writeValueConstraint>
            <spirit:readAction>modify</spirit:readAction>
            <spirit:testable spirit:testConstraint="unconstrained">false</spirit:testable>
          </spirit:field>
          <spirit:field>
            <spirit:name>INTERRUPT</spirit:name>
            <spirit:description>Control signal Register for &apos;interrupt&apos;.</spirit:description>
            <spirit:bitOffset>9</spirit:bitOffset>
            <spirit:bitWidth spirit:format="long">1</spirit:bitWidth>
            <spirit:access>read-only</spirit:access>
            <spirit:writeValueConstraint>
              <spirit:minimum>0</spirit:minimum>
              <spirit:maximum>0</spirit:maximum>
            </spirit:writeValueConstraint>
            <spirit:readAction>modify</spirit:readAction>
            <spirit:testable spirit:testConstraint="unconstrained">false</spirit:testable>
          </spirit:field>
          <spirit:field>
            <spirit:name>RESERVED_3</spirit:name>
            <spirit:description>Reserved.  0s on read.</spirit:description>
            <spirit:bitOffset>10</spirit:bitOffset>
            <spirit:bitWidth spirit:format="long">22</spirit:bitWidth>
            <spirit:access>read-only</spirit:access>
            <spirit:writeValueConstraint>
              <spirit:minimum>0</spirit:minimum>
              <spirit:maximum>0</spirit:maximum>
            </spirit:writeValueConstraint>
            <spirit:readAction>modify</spirit:readAction>
            <spirit:testable spirit:testConstraint="unconstrained">false</spirit:testable>
          </spirit:field>
        </spirit:register>
        <spirit:register>
          <spirit:name>GIER</spirit:name>
          <spirit:displayName>GIER</spirit:displayName>
          <spirit:description>Global Interrupt Enable Register</spirit:description>
          <spirit:addressOffset>4</spirit:addressOffset>
          <spirit:size spirit:format="long">32</spirit:size>
          <spirit:access>read-write</spirit:access>
          <spirit:reset>
            <spirit:value spirit:format="long">0</spirit:value>
          </spirit:reset>
          <spirit:field>
            <spirit:name>Enable</spirit:name>
            <spirit:description>Master enable for the device interrupt output to the system interrupt controller: 0 = Disabled, 1 = Enabled</spirit:description>
            <spirit:bitOffset>0</spirit:bitOffset>
            <spirit:bitWidth spirit:format="long">1</spirit:bitWidth>
            <spirit:access>read-write</spirit:access>
            <spirit:modifiedWriteValue>modify</spirit:modifiedWriteValue>
            <spirit:writeValueConstraint>
              <spirit:minimum>0</spirit:minimum>
              <spirit:maximum>0</spirit:maximum>
            </spirit:writeValueConstraint>
            <spirit:testable spirit:testConstraint="unconstrained">false</spirit:testable>
          </spirit:field>
          <spirit:field>
            <spirit:name>RESERVED</spirit:name>
            <spirit:description>Reserved.  0s on read.</spirit:description>
            <spirit:bitOffset>1</spirit:bitOffset>
            <spirit:bitWidth spirit:format="long">31</spirit:bitWidth>
            <spirit:access>read-only</spirit:access>
            <spirit:writeValueConstraint>
              <spirit:minimum>0</spirit:minimum>
              <spirit:maximum>0</spirit:maximum>
            </spirit:writeValueConstraint>
            <spirit:readAction>modify</spirit:readAction>
            <spirit:testable spirit:testConstraint="unconstrained">false</spirit:testable>
          </spirit:field>
        </spirit:register>
        <spirit:register>
          <spirit:name>IP_IER</spirit:name>
          <spirit:displayName>IP_IER</spirit:displayName>
          <spirit:description>IP Interrupt Enable Register</spirit:description>
          <spirit:addressOffset>8</spirit:addressOffset>
          <spirit:size spirit:format="long">32</spirit:size>
          <spirit:access>read-write</spirit:access>
          <spirit:reset>
            <spirit:value spirit:format="long">0</spirit:value>
          </spirit:reset>
          <spirit:field>
            <spirit:name>CHAN0_INT_EN</spirit:name>
            <spirit:description>Enable Channel 0 (ap_done) Interrupt.  0 = Disabled, 1 = Enabled.</spirit:description>
            <spirit:bitOffset>0</spirit:bitOffset>
            <spirit:bitWidth spirit:format="long">1</spirit:bitWidth>
            <spirit:access>read-write</spirit:access>
            <spirit:modifiedWriteValue>modify</spirit:modifiedWriteValue>
            <spirit:writeValueConstraint>
              <spirit:minimum>0</spirit:minimum>
              <spirit:maximum>0</spirit:maximum>
            </spirit:writeValueConstraint>
            <spirit:testable spirit:testConstraint="unconstrained">false</spirit:testable>
          </spirit:field>
          <spirit:field>
            <spirit:name>CHAN1_INT_EN</spirit:name>
            <spirit:description>Enable Channel 1 (ap_ready) Interrupt.  0 = Disabled, 1 = Enabled.</spirit:description>
            <spirit:bitOffset>1</spirit:bitOffset>
            <spirit:bitWidth spirit:format="long">1</spirit:bitWidth>
            <spirit:access>read-write</spirit:access>
            <spirit:modifiedWriteValue>modify</spirit:modifiedWriteValue>
            <spirit:writeValueConstraint>
              <spirit:minimum>0</spirit:minimum>
              <spirit:maximum>0</spirit:maximum>
            </spirit:writeValueConstraint>
            <spirit:testable spirit:testConstraint="unconstrained">false</spirit:testable>
          </spirit:field>
          <spirit:field>
            <spirit:name>RESERVED_0</spirit:name>
            <spirit:description>Reserved.  0s on read.</spirit:description>
            <spirit:bitOffset>2</spirit:bitOffset>
            <spirit:bitWidth spirit:format="long">30</spirit:bitWidth>
            <spirit:access>read-only</spirit:access>
            <spirit:writeValueConstraint>
              <spirit:minimum>0</spirit:minimum>
              <spirit:maximum>0</spirit:maximum>
            </spirit:writeValueConstraint>
            <spirit:readAction>modify</spirit:readAction>
            <spirit:testable spirit:testConstraint="unconstrained">false</spirit:testable>
          </spirit:field>
        </spirit:register>
        <spirit:register>
          <spirit:name>IP_ISR</spirit:name>
          <spirit:displayName>IP_ISR</spirit:displayName>
          <spirit:description>IP Interrupt Status Register</spirit:description>
          <spirit:addressOffset>12</spirit:addressOffset>
          <spirit:size spirit:format="long">32</spirit:size>
          <spirit:access>read-write</spirit:access>
          <spirit:reset>
            <spirit:value spirit:format="long">0</spirit:value>
          </spirit:reset>
          <spirit:field>
            <spirit:name>CHAN0_INT_ST</spirit:name>
            <spirit:description>Channel 0 (ap_done) Interrupt Status. 0 = No Channel 0 interrupt, 1 = Channel 0 interrupt.</spirit:description>
            <spirit:bitOffset>0</spirit:bitOffset>
            <spirit:bitWidth spirit:format="long">1</spirit:bitWidth>
            <spirit:access>read-only</spirit:access>
            <spirit:modifiedWriteValue>oneToToggle</spirit:modifiedWriteValue>
            <spirit:writeValueConstraint>
              <spirit:minimum>0</spirit:minimum>
              <spirit:maximum>0</spirit:maximum>
            </spirit:writeValueConstraint>
            <spirit:readAction>modify</spirit:readAction>
            <spirit:testable spirit:testConstraint="unconstrained">false</spirit:testable>
          </spirit:field>
          <spirit:field>
            <spirit:name>CHAN1_INT_ST</spirit:name>
            <spirit:description>Channel 1 (ap_ready) Interrupt Status. 0 = No Channel 1 interrupt, 1 = Channel 1 interrupt.</spirit:description>
            <spirit:bitOffset>1</spirit:bitOffset>
            <spirit:bitWidth spirit:format="long">1</spirit:bitWidth>
            <spirit:access>read-only</spirit:access>
            <spirit:modifiedWriteValue>oneToToggle</spirit:modifiedWriteValue>
            <spirit:writeValueConstraint>
              <spirit:minimum>0</spirit:minimum>
              <spirit:maximum>0</spirit:maximum>
            </spirit:writeValueConstraint>
            <spirit:readAction>modify</spirit:readAction>
            <spirit:testable spirit:testConstraint="unconstrained">false</spirit:testable>
          </spirit:field>
          <spirit:field>
            <spirit:name>RESERVED_0</spirit:name>
            <spirit:description>Reserved.  0s on read.</spirit:description>
            <spirit:bitOffset>2</spirit:bitOffset>
            <spirit:bitWidth spirit:format="long">30</spirit:bitWidth>
            <spirit:access>read-only</spirit:access>
            <spirit:writeValueConstraint>
              <spirit:minimum>0</spirit:minimum>
              <spirit:maximum>0</spirit:maximum>
            </spirit:writeValueConstraint>
            <spirit:readAction>modify</spirit:readAction>
            <spirit:testable spirit:testConstraint="unconstrained">false</spirit:testable>
          </spirit:field>
        </spirit:register>
        <spirit:register>
          <spirit:name>voice_in0</spirit:name>
          <spirit:displayName>voice_in0</spirit:displayName>
          <spirit:description>Data signal of voice_in0</spirit:description>
          <spirit:addressOffset>16</spirit:addressOffset>
          <spirit:size spirit:format="long">32</spirit:size>
          <spirit:access>write-only</spirit:access>
          <spirit:reset>
            <spirit:value spirit:format="long">0</spirit:value>
          </spirit:reset>
          <spirit:field>
            <spirit:name>voice_in0</spirit:name>
            <spirit:description>Bit 31 to 0 of voice_in0</spirit:description>
            <spirit:bitOffset>0</spirit:bitOffset>
            <spirit:bitWidth spirit:format="long">32</spirit:bitWidth>
            <spirit:access>write-only</spirit:access>
            <spirit:writeValueConstraint>
              <spirit:minimum>0</spirit:minimum>
              <spirit:maximum>0</spirit:maximum>
            </spirit:writeValueConstraint>
            <spirit:testable spirit:testConstraint="unconstrained">false</spirit:testable>
          </spirit:field>
        </spirit:register>
        <spirit:register>
          <spirit:name>voice_in1</spirit:name>
          <spirit:displayName>voice_in1</spirit:displayName>
          <spirit:description>Data signal of voice_in1</spirit:description>
          <spirit:addressOffset>24</spirit:addressOffset>
          <spirit:size spirit:format="long">32</spirit:size>
          <spirit:access>write-only</spirit:access>
          <spirit:reset>
            <spirit:value spirit:format="long">0</spirit:value>
          </spirit:reset>
          <spirit:field>
            <spirit:name>voice_in1</spirit:name>
            <spirit:description>Bit 31 to 0 of voice_in1</spirit:description>
            <spirit:bitOffset>0</spirit:bitOffset>
            <spirit:bitWidth spirit:format="long">32</spirit:bitWidth>
            <spirit:access>write-only</spirit:access>
            <spirit:writeValueConstraint>
              <spirit:minimum>0</spirit:minimum>
              <spirit:maximum>0</spirit:maximum>
            </spirit:writeValueConstraint>
            <spirit:testable spirit:testConstraint="unconstrained">false</spirit:testable>
          </spirit:field>
        </spirit:register>
        <spirit:register>
          <spirit:name>voice_in2</spirit:name>
          <spirit:displayName>voice_in2</spirit:displayName>
          <spirit:description>Data signal of voice_in2</spirit:description>
          <spirit:addressOffset>32</spirit:addressOffset>
          <spirit:size spirit:format="long">32</spirit:size>
          <spirit:access>write-only</spirit:access>
          <spirit:reset>
            <spirit:value spirit:format="long">0</spirit:value>
          </spirit:reset>
          <spirit:field>
            <spirit:name>voice_in2</spirit:name>
            <spirit:description>Bit 31 to 0 of voice_in2</spirit:description>
            <spirit:bitOffset>0</spirit:bitOffset>
            <spirit:bitWidth spirit:format="long">32</spirit:bitWidth>
            <spirit:access>write-only</spirit:access>
            <spirit:writeValueConstraint>
              <spirit:minimum>0</spirit:minimum>
              <spirit:maximum>0</spirit:maximum>
            </spirit:writeValueConstraint>
            <spirit:testable spirit:testConstraint="unconstrained">false</spirit:testable>
          </spirit:field>
        </spirit:register>
        <spirit:register>
          <spirit:name>voice_in3</spirit:name>
          <spirit:displayName>voice_in3</spirit:displayName>
          <spirit:description>Data signal of voice_in3</spirit:description>
          <spirit:addressOffset>40</spirit:addressOffset>
          <spirit:size spirit:format="long">32</spirit:size>
          <spirit:access>write-only</spirit:access>
          <spirit:reset>
            <spirit:value spirit:format="long">0</spirit:value>
          </spirit:reset>
          <spirit:field>
            <spirit:name>voice_in3</spirit:name>
            <spirit:description>Bit 31 to 0 of voice_in3</spirit:description>
            <spirit:bitOffset>0</spirit:bitOffset>
            <spirit:bitWidth spirit:format="long">32</spirit:bitWidth>
            <spirit:access>write-only</spirit:access>
            <spirit:writeValueConstraint>
              <spirit:minimum>0</spirit:minimum>
              <spirit:maximum>0</spirit:maximum>
            </spirit:writeValueConstraint>
            <spirit:testable spirit:testConstraint="unconstrained">false</spirit:testable>
          </spirit:field>
        </spirit:register>
        <spirit:register>
          <spirit:name>drive</spirit:name>
          <spirit:displayName>drive</spirit:displayName>
          <spirit:description>Data signal of drive</spirit:description>
          <spirit:addressOffset>48</spirit:addressOffset>
          <spirit:size spirit:format="long">32</spirit:size>
          <spirit:access>write-only</spirit:access>
          <spirit:reset>
            <spirit:value spirit:format="long">0</spirit:value>
          </spirit:reset>
          <spirit:field>
            <spirit:name>drive</spirit:name>
            <spirit:description>Bit 31 to 0 of drive</spirit:description>
            <spirit:bitOffset>0</spirit:bitOffset>
            <spirit:bitWidth spirit:format="long">32</spirit:bitWidth>
            <spirit:access>write-only</spirit:access>
            <spirit:writeValueConstraint>
              <spirit:minimum>0</spirit:minimum>
              <spirit:maximum>0</spirit:maximum>
            </spirit:writeValueConstraint>
            <spirit:testable spirit:testConstraint="unconstrained">false</spirit:testable>
          </spirit:field>
        </spirit:register>
        <spirit:register>
          <spirit:name>mix_out</spirit:name>
          <spirit:displayName>mix_out</spirit:displayName>
          <spirit:description>Data signal of mix_out</spirit:description>
          <spirit:addressOffset>56</spirit:addressOffset>
          <spirit:size spirit:format="long">32</spirit:size>
          <spirit:access>read-only</spirit:access>
          <spirit:reset>
            <spirit:value spirit:format="long">0</spirit:value>
          </spirit:reset>
          <spirit:field>
            <spirit:name>mix_out</spirit:name>
            <spirit:description>Bit 31 to 0 of mix_out</spirit:description>
            <spirit:bitOffset>0</spirit:bitOffset>
            <spirit:bitWidth spirit:format="long">32</spirit:bitWidth>
            <spirit:access>read-only</spirit:access>
            <spirit:writeValueConstraint>
              <spirit:minimum>0</spirit:minimum>
              <spirit:maximum>0</spirit:maximum>
            </spirit:writeValueConstraint>
            <spirit:readAction>modify</spirit:readAction>
            <spirit:testable spirit:testConstraint="unconstrained">false</spirit:testable>
          </spirit:field>
        </spirit:register>
        <spirit:register>
          <spirit:name>mix_out_ctrl</spirit:name>
          <spirit:displayName>mix_out_ctrl</spirit:displayName>
          <spirit:description>Control signal of mix_out</spirit:description>
          <spirit:addressOffset>60</spirit:addressOffset>
          <spirit:size spirit:format="long">32</spirit:size>
          <spirit:access>read-only</spirit:access>
          <spirit:reset>
            <spirit:value spirit:format="long">0</spirit:value>
          </spirit:reset>
          <spirit:field>
            <spirit:name>mix_out_ap_vld</spirit:name>
            <spirit:description>Control signal mix_out_ap_vld</spirit:description>
            <spirit:bitOffset>0</spirit:bitOffset>
            <spirit:bitWidth spirit:format="long">1</spirit:bitWidth>
            <spirit:access>read-only</spirit:access>
            <spirit:writeValueConstraint>
              <spirit:minimum>0</spirit:minimum>
              <spirit:maximum>0</spirit:maximum>
            </spirit:writeValueConstraint>
            <spirit:readAction>modify</spirit:readAction>
            <spirit:testable spirit:testConstraint="unconstrained">false</spirit:testable>
          </spirit:field>
          <spirit:field>
            <spirit:name>RESERVED</spirit:name>
            <spirit:description>Reserved.  0s on read.</spirit:description>
            <spirit:bitOffset>1</spirit:bitOffset>
            <spirit:bitWidth spirit:format="long">31</spirit:bitWidth>
            <spirit:access>read-only</spirit:access>
            <spirit:writeValueConstraint>
              <spirit:minimum>0</spirit:minimum>
              <spirit:maximum>0</spirit:maximum>
            </spirit:writeValueConstraint>
            <spirit:readAction>modify</spirit:readAction>
            <spirit:testable spirit:testConstraint="unconstrained">false</spirit:testable>
          </spirit:field>
        </spirit:register>
      </spirit:addressBlock>
    </spirit:memoryMap>
  </spirit:memoryMaps>
  <spirit:model>
    <spirit:views>
      <spirit:view>
        <spirit:name>xilinx_verilogsynthesis</spirit:name>
        <spirit:displayName>Verilog Synthesis</spirit:displayName>
        <spirit:envIdentifier>verilogSource:vivado.xilinx.com:synthesis</spirit:envIdentifier>
        <spirit:language>verilog</spirit:language>
        <spirit:modelName>mixer</spirit:modelName>
        <spirit:fileSetRef>
          <spirit:localName>xilinx_verilogsynthesis_xilinx_com_ip_floating_point_7_1__ref_view_fileset</spirit:localName>
        </spirit:fileSetRef>
        <spirit:fileSetRef>
          <spirit:localName>xilinx_verilogsynthesis_view_fileset</spirit:localName>
        </spirit:fileSetRef>
        <spirit:parameters>
          <spirit:parameter>
            <spirit:name>viewChecksum</spirit:name>
            <spirit:value>f4ccaacb</spirit:value>
          </spirit:parameter>
        </spirit:parameters>
      </spirit:view>
      <spirit:view>
        <spirit:name>xilinx_verilogbehavioralsimulation</spirit:name>
        <spirit:displayName>Verilog Simulation</spirit:displayName>
        <spirit:envIdentifier>verilogSource:vivado.xilinx.com:simulation</spirit:envIdentifier>
        <spirit:language>verilog</spirit:language>
        <spirit:modelName>mixer</spirit:modelName>
        <spirit:fileSetRef>
          <spirit:localName>xilinx_verilogbehavioralsimulation_xilinx_com_ip_floating_point_7_1__ref_view_fileset</spirit:localName>
        </spirit:fileSetRef>
        <spirit:fileSetRef>
          <spirit:localName>xilinx_verilogbehavioralsimulation_view_fileset</spirit:localName>
        </spirit:fileSetRef>
        <spirit:parameters>
          <spirit:parameter>
            <spirit:name>viewChecksum</spirit:name>
            <spirit:value>3a24a824</spirit:value>
          </spirit:parameter>
        </spirit:parameters>
      </spirit:view>
      <spirit:view>
        <spirit:name>xilinx_vhdlsynthesis</spirit:name>
        <spirit:displayName>VHDL Synthesis</spirit:displayName>
        <spirit:envIdentifier>vhdlSource:vivado.xilinx.com:synthesis</spirit:envIdentifier>
        <spirit:language>vhdl</spirit:language>
        <spirit:modelName>mixer</spirit:modelName>
        <spirit:fileSetRef>
          <spirit:localName>xilinx_vhdlsynthesis_xilinx_com_ip_floating_point_7_1__ref_view_fileset</spirit:localName>
        </spirit:fileSetRef>
        <spirit:fileSetRef>
          <spirit:localName>xilinx_vhdlsynthesis_view_fileset</spirit:localName>
        </spirit:fileSetRef>
        <spirit:parameters>
          <spirit:parameter>
            <spirit:name>viewChecksum</spirit:name>
            <spirit:value>647d8c4c</spirit:value>
          </spirit:parameter>
        </spirit:parameters>
      </spirit:view>
      <spirit:view>
        <spirit:name>xilinx_vhdlbehavioralsimulation</spirit:name>
        <spirit:displayName>VHDL Simulation</spirit:displayName>
        <spirit:envIdentifier>vhdlSource:vivado.xilinx.com:simulation</spirit:envIdentifier>
        <spirit:language>vhdl</spirit:language>
        <spirit:modelName>mixer</spirit:modelName>
        <spirit:fileSetRef>
          <spirit:localName>xilinx_vhdlbehavioralsimulation_xilinx_com_ip_floating_point_7_1__ref_view_fileset</spirit:localName>
        </spirit:fileSetRef>
        <spirit:fileSetRef>
          <spirit:localName>xilinx_vhdlbehavioralsimulation_view_fileset</spirit:localName>
        </spirit:fileSetRef>
        <spirit:parameters>
          <spirit:parameter>
            <spirit:name>viewChecksum</spirit:name>
            <spirit:value>14f17aa0</spirit:value>
          </spirit:parameter>
        </spirit:parameters>
      </spirit:view>
      <spirit:view>
        <spirit:name>xilinx_softwaredriver</spirit:name>
        <spirit:displayName>Software Driver</spirit:displayName>
        <spirit:envIdentifier>:vivado.xilinx.com:sw.driver</spirit:envIdentifier>
        <spirit:fileSetRef>
          <spirit:localName>xilinx_softwaredriver_view_fileset</spirit:localName>
        </spirit:fileSetRef>
        <spirit:parameters>
          <spirit:parameter>
            <spirit:name>viewChecksum</spirit:name>
            <spirit:value>1507d571</spirit:value>
          </spirit:parameter>
        </spirit:parameters>
      </spirit:view>
      <spirit:view>
        <spirit:name>xilinx_documentation</spirit:name>
        <spirit:displayName>Documentation</spirit:displayName>
        <spirit:envIdentifier>:vivado.xilinx.com:docs.all</spirit:envIdentifier>
        <spirit:fileSetRef>
          <spirit:localName>xilinx_documentation_view_fileset</spirit:localName>
        </spirit:fileSetRef>
      </spirit:view>
      <spirit:view>
        <spirit:name>xilinx_miscfiles</spirit:name>
        <spirit:displayName>Miscellaneous</spirit:displayName>
        <spirit:envIdentifier>:vivado.xilinx.com:misc.files</spirit:envIdentifier>
        <spirit:fileSetRef>
          <spirit:localName>xilinx_miscfiles_view_fileset</spirit:localName>
        </spirit:fileSetRef>
        <spirit:parameters>
          <spirit:parameter>
            <spirit:name>viewChecksum</spirit:name>
            <spirit:value>34797a57</spirit:value>
          </spirit:parameter>
        </spirit:parameters>
      </spirit:view>
      <spirit:view>
        <spirit:name>xilinx_xpgui</spirit:name>
        <spirit:displayName>UI Layout</spirit:displayName>
        <spirit:envIdentifier>:vivado.xilinx.com:xgui.ui</spirit:envIdentifier>
        <spirit:fileSetRef>
          <spirit:localName>xilinx_xpgui_view_fileset</spirit:localName>
        </spirit:fileSetRef>
        <spirit:parameters>
          <spirit:parameter>
            <spirit:name>viewChecksum</spirit:name>
            <spirit:value>1bebb479</spirit:value>
          </spirit:parameter>
        </spirit:parameters>
      </spirit:view>
      <spirit:view>
        <spirit:name>xilinx_utilityxitfiles</spirit:name>
        <spirit:displayName>Utility XIT/TTCL</spirit:displayName>
        <spirit:envIdentifier>:vivado.xilinx.com:xit.util</spirit:envIdentifier>
        <spirit:fileSetRef>
          <spirit:localName>xilinx_utilityxitfiles_view_fileset</spirit:localName>
        </spirit:fileSetRef>
        <spirit:parameters>
          <spirit:parameter>
            <spirit:name>viewChecksum</spirit:name>
            <spirit:value>34797a57</spirit:value>
          </spirit:parameter>
        </spirit:parameters>
      </spirit:view>
    </spirit:views>
    <spirit:ports>
      <spirit:port>
        <spirit:name>s_axi_control_ARADDR</spirit:name>
        <spirit:wire>
          <spirit:direction>in</spirit:direction>
          <spirit:vector>
            <spirit:left spirit:format="long" spirit:resolve="dependent" spirit:dependency="(spirit:decode(id(&apos;MODELPARAM_VALUE.C_S_AXI_CONTROL_ADDR_WIDTH&apos;)) - 1)">5</spirit:left>
            <spirit:right spirit:format="long">0</spirit:right>
          </spirit:vector>
          <spirit:wireTypeDefs>
            <spirit:wireTypeDef>
              <spirit:typeName>std_logic_vector</spirit:typeName>
              <spirit:viewNameRef>xilinx_verilogsynthesis</spirit:viewNameRef>
              <spirit:viewNameRef>xilinx_verilogbehavioralsimulation</spirit:viewNameRef>
            </spirit:wireTypeDef>
          </spirit:wireTypeDefs>
        </spirit:wire>
      </spirit:port>
      <spirit:port>
        <spirit:name>s_axi_control_ARREADY</spirit:name>
        <spirit:wire>
          <spirit:direction>out</spirit:direction>
          <spirit:wireTypeDefs>
            <spirit:wireTypeDef>
              <spirit:typeName>std_logic</spirit:typeName>
              <spirit:viewNameRef>xilinx_verilogsynthesis</spirit:viewNameRef>
              <spirit:viewNameRef>xilinx_verilogbehavioralsimulation</spirit:viewNameRef>
            </spirit:wireTypeDef>
          </spirit:wireTypeDefs>
        </spirit:wire>
      </spirit:port>
      <spirit:port>
        <spirit:name>s_axi_control_ARVALID</spirit:name>
        <spirit:wire>
          <spirit:direction>in</spirit:direction>
          <spirit:wireTypeDefs>
            <spirit:wireTypeDef>
              <spirit:typeName>std_logic</spirit:typeName>
              <spirit:viewNameRef>xilinx_verilogsynthesis</spirit:viewNameRef>
              <spirit:viewNameRef>xilinx_verilogbehavioralsimulation</spirit:viewNameRef>
            </spirit:wireTypeDef>
          </spirit:wireTypeDefs>
        </spirit:wire>
      </spirit:port>
      <spirit:port>
        <spirit:name>s_axi_control_AWADDR</spirit:name>
        <spirit:wire>
          <spirit:direction>in</spirit:direction>
          <spirit:vector>
            <spirit:left spirit:format="long" spirit:resolve="dependent" spirit:dependency="(spirit:decode(id(&apos;MODELPARAM_VALUE.C_S_AXI_CONTROL_ADDR_WIDTH&apos;)) - 1)">5</spirit:left>
            <spirit:right spirit:format="long">0</spirit:right>
          </spirit:vector>
          <spirit:wireTypeDefs>
            <spirit:wireTypeDef>
              <spirit:typeName>std_logic_vector</spirit:typeName>
              <spirit:viewNameRef>xilinx_verilogsynthesis</spirit:viewNameRef>
              <spirit:viewNameRef>xilinx_verilogbehavioralsimulation</spirit:viewNameRef>
            </spirit:wireTypeDef>
          </spirit:wireTypeDefs>
        </spirit:wire>
      </spirit:port>
      <spirit:port>
        <spirit:name>s_axi_control_AWREADY</spirit:name>
        <spirit:wire>
          <spirit:direction>out</spirit:direction>
          <spirit:wireTypeDefs>
            <spirit:wireTypeDef>
              <spirit:typeName>std_logic</spirit:typeName>
              <spirit:viewNameRef>xilinx_verilogsynthesis</spirit:viewNameRef>
              <spirit:viewNameRef>xilinx_verilogbehavioralsimulation</spirit:viewNameRef>
            </spirit:wireTypeDef>
          </spirit:wireTypeDefs>
        </spirit:wire>
      </spirit:port>
      <spirit:port>
        <spirit:name>s_axi_control_AWVALID</spirit:name>
        <spirit:wire>
          <spirit:direction>in</spirit:direction>
          <spirit:wireTypeDefs>
            <spirit:wireTypeDef>
              <spirit:typeName>std_logic</spirit:typeName>
              <spirit:viewNameRef>xilinx_verilogsynthesis</spirit:viewNameRef>
              <spirit:viewNameRef>xilinx_verilogbehavioralsimulation</spirit:viewNameRef>
            </spirit:wireTypeDef>
          </spirit:wireTypeDefs>
        </spirit:wire>
      </spirit:port>
      <spirit:port>
        <spirit:name>s_axi_control_BREADY</spirit:name>
        <spirit:wire>
          <spirit:direction>in</spirit:direction>
          <spirit:wireTypeDefs>
            <spirit:wireTypeDef>
              <spirit:typeName>std_logic</spirit:typeName>
              <spirit:viewNameRef>xilinx_verilogsynthesis</spirit:viewNameRef>
              <spirit:viewNameRef>xilinx_verilogbehavioralsimulation</spirit:viewNameRef>
            </spirit:wireTypeDef>
          </spirit:wireTypeDefs>
        </spirit:wire>
      </spirit:port>
      <spirit:port>
        <spirit:name>s_axi_control_BRESP</spirit:name>
        <spirit:wire>
          <spirit:direction>out</spirit:direction>
          <spirit:vector>
            <spirit:left spirit:format="long">1</spirit:left>
            <spirit:right spirit:format="long">0</spirit:right>
          </spirit:vector>
          <spirit:wireTypeDefs>
            <spirit:wireTypeDef>
              <spirit:typeName>std_logic_vector</spirit:typeName>
              <spirit:viewNameRef>xilinx_verilogsynthesis</spirit:viewNameRef>
              <spirit:viewNameRef>xilinx_verilogbehavioralsimulation</spirit:viewNameRef>
            </spirit:wireTypeDef>
          </spirit:wireTypeDefs>
        </spirit:wire>
      </spirit:port>
      <spirit:port>
        <spirit:name>s_axi_control_BVALID</spirit:name>
        <spirit:wire>
          <spirit:direction>out</spirit:direction>
          <spirit:wireTypeDefs>
            <spirit:wireTypeDef>
              <spirit:typeName>std_logic</spirit:typeName>
              <spirit:viewNameRef>xilinx_verilogsynthesis</spirit:viewNameRef>
              <spirit:viewNameRef>xilinx_verilogbehavioralsimulation</spirit:viewNameRef>
            </spirit:wireTypeDef>
          </spirit:wireTypeDefs>
        </spirit:wire>
      </spirit:port>
      <spirit:port>
        <spirit:name>s_axi_control_RDATA</spirit:name>
        <spirit:wire>
          <spirit:direction>out</spirit:direction>
          <spirit:vector>
            <spirit:left spirit:format="long" spirit:resolve="dependent" spirit:dependency="(spirit:decode(id(&apos;MODELPARAM_VALUE.C_S_AXI_CONTROL_DATA_WIDTH&apos;)) - 1)">31</spirit:left>
            <spirit:right spirit:format="long">0</spirit:right>
          </spirit:vector>
          <spirit:wireTypeDefs>
            <spirit:wireTypeDef>
              <spirit:typeName>std_logic_vector</spirit:typeName>
              <spirit:viewNameRef>xilinx_verilogsynthesis</spirit:viewNameRef>
              <spirit:viewNameRef>xilinx_verilogbehavioralsimulation</spirit:viewNameRef>
            </spirit:wireTypeDef>
          </spirit:wireTypeDefs>
        </spirit:wire>
      </spirit:port>
      <spirit:port>
        <spirit:name>s_axi_control_RREADY</spirit:name>
        <spirit:wire>
          <spirit:direction>in</spirit:direction>
          <spirit:wireTypeDefs>
            <spirit:wireTypeDef>
              <spirit:typeName>std_logic</spirit:typeName>
              <spirit:viewNameRef>xilinx_verilogsynthesis</spirit:viewNameRef>
              <spirit:viewNameRef>xilinx_verilogbehavioralsimulation</spirit:viewNameRef>
            </spirit:wireTypeDef>
          </spirit:wireTypeDefs>
        </spirit:wire>
      </spirit:port>
      <spirit:port>
        <spirit:name>s_axi_control_RRESP</spirit:name>
        <spirit:wire>
          <spirit:direction>out</spirit:direction>
          <spirit:vector>
            <spirit:left spirit:format="long">1</spirit:left>
            <spirit:right spirit:format="long">0</spirit:right>
          </spirit:vector>
          <spirit:wireTypeDefs>
            <spirit:wireTypeDef>
              <spirit:typeName>std_logic_vector</spirit:typeName>
              <spirit:viewNameRef>xilinx_verilogsynthesis</spirit:viewNameRef>
              <spirit:viewNameRef>xilinx_verilogbehavioralsimulation</spirit:viewNameRef>
            </spirit:wireTypeDef>
          </spirit:wireTypeDefs>
        </spirit:wire>
      </spirit:port>
      <spirit:port>
        <spirit:name>s_axi_control_RVALID</spirit:name>
        <spirit:wire>
          <spirit:direction>out</spirit:direction>
          <spirit:wireTypeDefs>
            <spirit:wireTypeDef>
              <spirit:typeName>std_logic</spirit:typeName>
              <spirit:viewNameRef>xilinx_verilogsynthesis</spirit:viewNameRef>
              <spirit:viewNameRef>xilinx_verilogbehavioralsimulation</spirit:viewNameRef>
            </spirit:wireTypeDef>
          </spirit:wireTypeDefs>
        </spirit:wire>
      </spirit:port>
      <spirit:port>
        <spirit:name>s_axi_control_WDATA</spirit:name>
        <spirit:wire>
          <spirit:direction>in</spirit:direction>
          <spirit:vector>
            <spirit:left spirit:format="long" spirit:resolve="dependent" spirit:dependency="(spirit:decode(id(&apos;MODELPARAM_VALUE.C_S_AXI_CONTROL_DATA_WIDTH&apos;)) - 1)">31</spirit:left>
            <spirit:right spirit:format="long">0</spirit:right>
          </spirit:vector>
          <spirit:wireTypeDefs>
            <spirit:wireTypeDef>
              <spirit:typeName>std_logic_vector</spirit:typeName>
              <spirit:viewNameRef>xilinx_verilogsynthesis</spirit:viewNameRef>
              <spirit:viewNameRef>xilinx_verilogbehavioralsimulation</spirit:viewNameRef>
            </spirit:wireTypeDef>
          </spirit:wireTypeDefs>
        </spirit:wire>
      </spirit:port>
      <spirit:port>
        <spirit:name>s_axi_control_WREADY</spirit:name>
        <spirit:wire>
          <spirit:direction>out</spirit:direction>
          <spirit:wireTypeDefs>
            <spirit:wireTypeDef>
              <spirit:typeName>std_logic</spirit:typeName>
              <spirit:viewNameRef>xilinx_verilogsynthesis</spirit:viewNameRef>
              <spirit:viewNameRef>xilinx_verilogbehavioralsimulation</spirit:viewNameRef>
            </spirit:wireTypeDef>
          </spirit:wireTypeDefs>
        </spirit:wire>
      </spirit:port>
      <spirit:port>
        <spirit:name>s_axi_control_WSTRB</spirit:name>
        <spirit:wire>
          <spirit:direction>in</spirit:direction>
          <spirit:vector>
            <spirit:left spirit:format="long" spirit:resolve="dependent" spirit:dependency="((spirit:decode(id(&apos;MODELPARAM_VALUE.C_S_AXI_CONTROL_DATA_WIDTH&apos;)) div 8) - 1)">3</spirit:left>
            <spirit:right spirit:format="long">0</spirit:right>
          </spirit:vector>
          <spirit:wireTypeDefs>
            <spirit:wireTypeDef>
              <spirit:typeName>std_logic_vector</spirit:typeName>
              <spirit:viewNameRef>xilinx_verilogsynthesis</spirit:viewNameRef>
              <spirit:viewNameRef>xilinx_verilogbehavioralsimulation</spirit:viewNameRef>
            </spirit:wireTypeDef>
          </spirit:wireTypeDefs>
        </spirit:wire>
      </spirit:port>
      <spirit:port>
        <spirit:name>s_axi_control_WVALID</spirit:name>
        <spirit:wire>
          <spirit:direction>in</spirit:direction>
          <spirit:wireTypeDefs>
            <spirit:wireTypeDef>
              <spirit:typeName>std_logic</spirit:typeName>
              <spirit:viewNameRef>xilinx_verilogsynthesis</spirit:viewNameRef>
              <spirit:viewNameRef>xilinx_verilogbehavioralsimulation</spirit:viewNameRef>
            </spirit:wireTypeDef>
          </spirit:wireTypeDefs>
        </spirit:wire>
      </spirit:port>
      <spirit:port>
        <spirit:name>ap_clk</spirit:name>
        <spirit:wire>
          <spirit:direction>in</spirit:direction>
          <spirit:wireTypeDefs>
            <spirit:wireTypeDef>
              <spirit:typeName>std_logic</spirit:typeName>
              <spirit:viewNameRef>xilinx_verilogsynthesis</spirit:viewNameRef>
              <spirit:viewNameRef>xilinx_verilogbehavioralsimulation</spirit:viewNameRef>
            </spirit:wireTypeDef>
          </spirit:wireTypeDefs>
        </spirit:wire>
      </spirit:port>
      <spirit:port>
        <spirit:name>ap_rst_n</spirit:name>
        <spirit:wire>
          <spirit:direction>in</spirit:direction>
          <spirit:wireTypeDefs>
            <spirit:wireTypeDef>
              <spirit:typeName>std_logic</spirit:typeName>
              <spirit:viewNameRef>xilinx_verilogsynthesis</spirit:viewNameRef>
              <spirit:viewNameRef>xilinx_verilogbehavioralsimulation</spirit:viewNameRef>
            </spirit:wireTypeDef>
          </spirit:wireTypeDefs>
        </spirit:wire>
      </spirit:port>
      <spirit:port>
        <spirit:name>interrupt</spirit:name>
        <spirit:wire>
          <spirit:direction>out</spirit:direction>
          <spirit:wireTypeDefs>
            <spirit:wireTypeDef>
              <spirit:typeName>std_logic</spirit:typeName>
              <spirit:viewNameRef>xilinx_verilogsynthesis</spirit:viewNameRef>
              <spirit:viewNameRef>xilinx_verilogbehavioralsimulation</spirit:viewNameRef>
            </spirit:wireTypeDef>
          </spirit:wireTypeDefs>
        </spirit:wire>
      </spirit:port>
    </spirit:ports>
    <spirit:modelParameters>
      <spirit:modelParameter xsi:type="spirit:nameValueTypeType" spirit:dataType="integer">
        <spirit:name>C_S_AXI_CONTROL_ADDR_WIDTH</spirit:name>
        <spirit:value spirit:format="long" spirit:resolve="generated" spirit:id="MODELPARAM_VALUE.C_S_AXI_CONTROL_ADDR_WIDTH">6</spirit:value>
      </spirit:modelParameter>
      <spirit:modelParameter spirit:dataType="integer">
        <spirit:name>C_S_AXI_CONTROL_DATA_WIDTH</spirit:name>
        <spirit:value spirit:format="long" spirit:id="MODELPARAM_VALUE.C_S_AXI_CONTROL_DATA_WIDTH">32</spirit:value>
      </spirit:modelParameter>
    </spirit:modelParameters>
  </spirit:model>
  <spirit:fileSets>
    <spirit:fileSet>
      <spirit:name>xilinx_verilogsynthesis_view_fileset</spirit:name>
      <spirit:file>
        <spirit:name>constraints/mixer_ooc.xdc</spirit:name>
        <spirit:userFileType>xdc</spirit:userFileType>
        <spirit:userFileType>USED_IN_out_of_context</spirit:userFileType>
      </spirit:file>
      <spirit:file>
        <spirit:name>hdl/ip/mixer_dadd_64ns_64ns_64_4_full_dsp_1_ip.v</spirit:name>
        <spirit:fileType>verilogSource</spirit:fileType>
      </spirit:file>
      <spirit:file>
        <spirit:name>hdl/ip/mixer_faddfsub_32ns_32ns_32_4_full_dsp_1_ip.v</spirit:name>
        <spirit:fileType>verilogSource</spirit:fileType>
      </spirit:file>
      <spirit:file>
        <spirit:name>hdl/ip/mixer_fcmp_32ns_32ns_1_2_no_dsp_1_ip.v</spirit:name>
        <spirit:fileType>verilogSource</spirit:fileType>
      </spirit:file>
      <spirit:file>
        <spirit:name>hdl/ip/mixer_fdiv_32ns_32ns_32_8_no_dsp_1_ip.v</spirit:name>
        <spirit:fileType>verilogSource</spirit:fileType>
      </spirit:file>
      <spirit:file>
        <spirit:name>hdl/ip/mixer_fmul_32ns_32ns_32_2_max_dsp_1_ip.v</spirit:name>
        <spirit:fileType>verilogSource</spirit:fileType>
      </spirit:file>
      <spirit:file>
        <spirit:name>hdl/ip/mixer_fpext_32ns_64_2_no_dsp_1_ip.v</spirit:name>
        <spirit:fileType>verilogSource</spirit:fileType>
      </spirit:file>
      <spirit:file>
        <spirit:name>hdl/ip/mixer_fptrunc_64ns_32_2_no_dsp_1_ip.v</spirit:name>
        <spirit:fileType>verilogSource</spirit:fileType>
      </spirit:file>
      <spirit:file>
        <spirit:name>hdl/verilog/mixer_control_s_axi.v</spirit:name>
        <spirit:fileType>verilogSource</spirit:fileType>
      </spirit:file>
      <spirit:file>
        <spirit:name>hdl/verilog/mixer_dadd_64ns_64ns_64_4_full_dsp_1.v</spirit:name>
        <spirit:fileType>verilogSource</spirit:fileType>
      </spirit:file>
      <spirit:file>
        <spirit:name>hdl/verilog/mixer_exp_generic_double_s.v</spirit:name>
        <spirit:fileType>verilogSource</spirit:fileType>
      </spirit:file>
      <spirit:file>
        <spirit:name>hdl/verilog/mixer_exp_generic_double_s_table_exp_Z1_ap_ufixed_58_1_ap_q_mode_5_ap_o_mode_3_0_arbkb.dat</spirit:name>
        <spirit:userFileType>mif</spirit:userFileType>
      </spirit:file>
      <spirit:file>
        <spirit:name>hdl/verilog/mixer_exp_generic_double_s_table_exp_Z1_ap_ufixed_58_1_ap_q_mode_5_ap_o_mode_3_0_arbkb.v</spirit:name>
        <spirit:fileType>verilogSource</spirit:fileType>
      </spirit:file>
      <spirit:file>
        <spirit:name>hdl/verilog/mixer_exp_generic_double_s_table_f_Z2_ap_ufixed_59_0_ap_q_mode_5_ap_o_mode_3_0_arradEe.dat</spirit:name>
        <spirit:userFileType>mif</spirit:userFileType>
      </spirit:file>
      <spirit:file>
        <spirit:name>hdl/verilog/mixer_exp_generic_double_s_table_f_Z2_ap_ufixed_59_0_ap_q_mode_5_ap_o_mode_3_0_arradEe.v</spirit:name>
        <spirit:fileType>verilogSource</spirit:fileType>
      </spirit:file>
      <spirit:file>
        <spirit:name>hdl/verilog/mixer_exp_generic_double_s_table_f_Z3_ap_ufixed_59_0_ap_q_mode_5_ap_o_mode_3_0_arracud.dat</spirit:name>
        <spirit:userFileType>mif</spirit:userFileType>
      </spirit:file>
      <spirit:file>
        <spirit:name>hdl/verilog/mixer_exp_generic_double_s_table_f_Z3_ap_ufixed_59_0_ap_q_mode_5_ap_o_mode_3_0_arracud.v</spirit:name>
        <spirit:fileType>verilogSource</spirit:fileType>
      </spirit:file>
      <spirit:file>
        <spirit:name>hdl/verilog/mixer_faddfsub_32ns_32ns_32_4_full_dsp_1.v</spirit:name>
        <spirit:fileType>verilogSource</spirit:fileType>
      </spirit:file>
      <spirit:file>
        <spirit:name>hdl/verilog/mixer_fcmp_32ns_32ns_1_2_no_dsp_1.v</spirit:name>
        <spirit:fileType>verilogSource</spirit:fileType>
      </spirit:file>
      <spirit:file>
        <spirit:name>hdl/verilog/mixer_fdiv_32ns_32ns_32_8_no_dsp_1.v</spirit:name>
        <spirit:fileType>verilogSource</spirit:fileType>
      </spirit:file>
      <spirit:file>
        <spirit:name>hdl/verilog/mixer_fmul_32ns_32ns_32_2_max_dsp_1.v</spirit:name>
        <spirit:fileType>verilogSource</spirit:fileType>
      </spirit:file>
      <spirit:file>
        <spirit:name>hdl/verilog/mixer_fpext_32ns_64_2_no_dsp_1.v</spirit:name>
        <spirit:fileType>verilogSource</spirit:fileType>
      </spirit:file>
      <spirit:file>
        <spirit:name>hdl/verilog/mixer_fptrunc_64ns_32_2_no_dsp_1.v</spirit:name>
        <spirit:fileType>verilogSource</spirit:fileType>
      </spirit:file>
      <spirit:file>
        <spirit:name>hdl/verilog/mixer_generic_tanh_float_s.v</spirit:name>
        <spirit:fileType>verilogSource</spirit:fileType>
      </spirit:file>
      <spirit:file>
        <spirit:name>hdl/verilog/mixer_mac_muladd_16s_15ns_19s_31_4_1.v</spirit:name>
        <spirit:fileType>verilogSource</spirit:fileType>
      </spirit:file>
      <spirit:file>
        <spirit:name>hdl/verilog/mixer_mul_13s_71s_71_1_1.v</spirit:name>
        <spirit:fileType>verilogSource</spirit:fileType>
      </spirit:file>
      <spirit:file>
        <spirit:name>hdl/verilog/mixer_mul_43ns_36ns_79_1_1.v</spirit:name>
        <spirit:fileType>verilogSource</spirit:fileType>
      </spirit:file>
      <spirit:file>
        <spirit:name>hdl/verilog/mixer_mul_49ns_44ns_93_1_1.v</spirit:name>
        <spirit:fileType>verilogSource</spirit:fileType>
      </spirit:file>
      <spirit:file>
        <spirit:name>hdl/verilog/mixer_mul_50ns_50ns_100_1_1.v</spirit:name>
        <spirit:fileType>verilogSource</spirit:fileType>
      </spirit:file>
      <spirit:file>
        <spirit:name>hdl/verilog/mixer_sparsemux_9_3_64_1_1.v</spirit:name>
        <spirit:fileType>verilogSource</spirit:fileType>
      </spirit:file>
      <spirit:file>
        <spirit:name>hdl/verilog/mixer.v</spirit:name>
        <spirit:fileType>verilogSource</spirit:fileType>
      </spirit:file>
    </spirit:fileSet>
    <spirit:fileSet>
      <spirit:name>xilinx_verilogsynthesis_xilinx_com_ip_floating_point_7_1__ref_view_fileset</spirit:name>
      <spirit:vendorExtensions>
        <xilinx:subCoreRef>
          <xilinx:componentRef xilinx:vendor="xilinx.com" xilinx:library="ip" xilinx:name="floating_point" xilinx:version="7.1">
            <xilinx:mode xilinx:name="copy_mode"/>
          </xilinx:componentRef>
        </xilinx:subCoreRef>
      </spirit:vendorExtensions>
    </spirit:fileSet>
    <spirit:fileSet>
      <spirit:name>xilinx_verilogbehavioralsimulation_view_fileset</spirit:name>
      <spirit:file>
        <spirit:name>hdl/ip/mixer_dadd_64ns_64ns_64_4_full_dsp_1_ip.v</spirit:name>
        <spirit:fileType>verilogSource</spirit:fileType>
        <spirit:userFileType>USED_IN_ipstatic</spirit:userFileType>
      </spirit:file>
      <spirit:file>
        <spirit:name>hdl/ip/mixer_faddfsub_32ns_32ns_32_4_full_dsp_1_ip.v</spirit:name>
        <spirit:fileType>verilogSource</spirit:fileType>
        <spirit:userFileType>USED_IN_ipstatic</spirit:userFileType>
      </spirit:file>
      <spirit:file>
        <spirit:name>hdl/ip/mixer_fcmp_32ns_32ns_1_2_no_dsp_1_ip.v</spirit:name>
        <spirit:fileType>verilogSource</spirit:fileType>
        <spirit:userFileType>USED_IN_ipstatic</spirit:userFileType>
      </spirit:file>
      <spirit:file>
        <spirit:name>hdl/ip/mixer_fdiv_32ns_32ns_32_8_no_dsp_1_ip.v</spirit:name>
        <spirit:fileType>verilogSource</spirit:fileType>
        <spirit:userFileType>USED_IN_ipstatic</spirit:userFileType>
      </spirit:file>
      <spirit:file>
        <spirit:name>hdl/ip/mixer_fmul_32ns_32ns_32_2_max_dsp_1_ip.v</spirit:name>
        <spirit:fileType>verilogSource</spirit:fileType>
        <spirit:userFileType>USED_IN_ipstatic</spirit:userFileType>
      </spirit:file>
      <spirit:file>
        <spirit:name>hdl/ip/mixer_fpext_32ns_64_2_no_dsp_1_ip.v</spirit:name>
        <spirit:fileType>verilogSource</spirit:fileType>
        <spirit:userFileType>USED_IN_ipstatic</spirit:userFileType>
      </spirit:file>
      <spirit:file>
        <spirit:name>hdl/ip/mixer_fptrunc_64ns_32_2_no_dsp_1_ip.v</spirit:name>
        <spirit:fileType>verilogSource</spirit:fileType>
        <spirit:userFileType>USED_IN_ipstatic</spirit:userFileType>
      </spirit:file>
      <spirit:file>
        <spirit:name>hdl/verilog/mixer_control_s_axi.v</spirit:name>
        <spirit:fileType>verilogSource</spirit:fileType>
        <spirit:userFileType>USED_IN_ipstatic</spirit:userFileType>
      </spirit:file>
      <spirit:file>
        <spirit:name>hdl/verilog/mixer_dadd_64ns_64ns_64_4_full_dsp_1.v</spirit:name>
        <spirit:fileType>verilogSource</spirit:fileType>
        <spirit:userFileType>USED_IN_ipstatic</spirit:userFileType>
      </spirit:file>
      <spirit:file>
        <spirit:name>hdl/verilog/mixer_exp_generic_double_s.v</spirit:name>
        <spirit:fileType>verilogSource</spirit:fileType>
        <spirit:userFileType>USED_IN_ipstatic</spirit:userFileType>
      </spirit:file>
      <spirit:file>
        <spirit:name>hdl/verilog/mixer_exp_generic_double_s_table_exp_Z1_ap_ufixed_58_1_ap_q_mode_5_ap_o_mode_3_0_arbkb.dat</spirit:name>
        <spirit:userFileType>mif</spirit:userFileType>
      </spirit:file>
      <spirit:file>
        <spirit:name>hdl/verilog/mixer_exp_generic_double_s_table_exp_Z1_ap_ufixed_58_1_ap_q_mode_5_ap_o_mode_3_0_arbkb.v</spirit:name>
        <spirit:fileType>verilogSource</spirit:fileType>
        <spirit:userFileType>USED_IN_ipstatic</spirit:userFileType>
      </spirit:file>
      <spirit:file>
        <spirit:name>hdl/verilog/mixer_exp_generic_double_s_table_f_Z2_ap_ufixed_59_0_ap_q_mode_5_ap_o_mode_3_0_arradEe.dat</spirit:name>
        <spirit:userFileType>mif</spirit:userFileType>
      </spirit:file>
      <spirit:file>
        <spirit:name>hdl/verilog/mixer_exp_generic_double_s_table_f_Z2_ap_ufixed_59_0_ap_q_mode_5_ap_o_mode_3_0_arradEe.v</spirit:name>
        <spirit:fileType>verilogSource</spirit:fileType>
        <spirit:userFileType>USED_IN_ipstatic</spirit:userFileType>
      </spirit:file>
      <spirit:file>
        <spirit:name>hdl/verilog/mixer_exp_generic_double_s_table_f_Z3_ap_ufixed_59_0_ap_q_mode_5_ap_o_mode_3_0_arracud.dat</spirit:name>
        <spirit:userFileType>mif</spirit:userFileType>
      </spirit:file>
      <spirit:file>
        <spirit:name>hdl/verilog/mixer_exp_generic_double_s_table_f_Z3_ap_ufixed_59_0_ap_q_mode_5_ap_o_mode_3_0_arracud.v</spirit:name>
        <spirit:fileType>verilogSource</spirit:fileType>
        <spirit:userFileType>USED_IN_ipstatic</spirit:userFileType>
      </spirit:file>
      <spirit:file>
        <spirit:name>hdl/verilog/mixer_faddfsub_32ns_32ns_32_4_full_dsp_1.v</spirit:name>
        <spirit:fileType>verilogSource</spirit:fileType>
        <spirit:userFileType>USED_IN_ipstatic</spirit:userFileType>
      </spirit:file>
      <spirit:file>
        <spirit:name>hdl/verilog/mixer_fcmp_32ns_32ns_1_2_no_dsp_1.v</spirit:name>
        <spirit:fileType>verilogSource</spirit:fileType>
        <spirit:userFileType>USED_IN_ipstatic</spirit:userFileType>
      </spirit:file>
      <spirit:file>
        <spirit:name>hdl/verilog/mixer_fdiv_32ns_32ns_32_8_no_dsp_1.v</spirit:name>
        <spirit:fileType>verilogSource</spirit:fileType>
        <spirit:userFileType>USED_IN_ipstatic</spirit:userFileType>
      </spirit:file>
      <spirit:file>
        <spirit:name>hdl/verilog/mixer_fmul_32ns_32ns_32_2_max_dsp_1.v</spirit:name>
        <spirit:fileType>verilogSource</spirit:fileType>
        <spirit:userFileType>USED_IN_ipstatic</spirit:userFileType>
      </spirit:file>
      <spirit:file>
        <spirit:name>hdl/verilog/mixer_fpext_32ns_64_2_no_dsp_1.v</spirit:name>
        <spirit:fileType>verilogSource</spirit:fileType>
        <spirit:userFileType>USED_IN_ipstatic</spirit:userFileType>
      </spirit:file>
      <spirit:file>
        <spirit:name>hdl/verilog/mixer_fptrunc_64ns_32_2_no_dsp_1.v</spirit:name>
        <spirit:fileType>verilogSource</spirit:fileType>
        <spirit:userFileType>USED_IN_ipstatic</spirit:userFileType>
      </spirit:file>
      <spirit:file>
        <spirit:name>hdl/verilog/mixer_generic_tanh_float_s.v</spirit:name>
        <spirit:fileType>verilogSource</spirit:fileType>
        <spirit:userFileType>USED_IN_ipstatic</spirit:userFileType>
      </spirit:file>
      <spirit:file>
        <spirit:name>hdl/verilog/mixer_mac_muladd_16s_15ns_19s_31_4_1.v</spirit:name>
        <spirit:fileType>verilogSource</spirit:fileType>
        <spirit:userFileType>USED_IN_ipstatic</spirit:userFileType>
      </spirit:file>
      <spirit:file>
        <spirit:name>hdl/verilog/mixer_mul_13s_71s_71_1_1.v</spirit:name>
        <spirit:fileType>verilogSource</spirit:fileType>
        <spirit:userFileType>USED_IN_ipstatic</spirit:userFileType>
      </spirit:file>
      <spirit:file>
        <spirit:name>hdl/verilog/mixer_mul_43ns_36ns_79_1_1.v</spirit:name>
        <spirit:fileType>verilogSource</spirit:fileType>
        <spirit:userFileType>USED_IN_ipstatic</spirit:userFileType>
      </spirit:file>
      <spirit:file>
        <spirit:name>hdl/verilog/mixer_mul_49ns_44ns_93_1_1.v</spirit:name>
        <spirit:fileType>verilogSource</spirit:fileType>
        <spirit:userFileType>USED_IN_ipstatic</spirit:userFileType>
      </spirit:file>
      <spirit:file>
        <spirit:name>hdl/verilog/mixer_mul_50ns_50ns_100_1_1.v</spirit:name>
        <spirit:fileType>verilogSource</spirit:fileType>
        <spirit:userFileType>USED_IN_ipstatic</spirit:userFileType>
      </spirit:file>
      <spirit:file>
        <spirit:name>hdl/verilog/mixer_sparsemux_9_3_64_1_1.v</spirit:name>
        <spirit:fileType>verilogSource</spirit:fileType>
        <spirit:userFileType>USED_IN_ipstatic</spirit:userFileType>
      </spirit:file>
      <spirit:file>
        <spirit:name>hdl/verilog/mixer.v</spirit:name>
        <spirit:fileType>verilogSource</spirit:fileType>
        <spirit:userFileType>USED_IN_ipstatic</spirit:userFileType>
      </spirit:file>
    </spirit:fileSet>
    <spirit:fileSet>
      <spirit:name>xilinx_verilogbehavioralsimulation_xilinx_com_ip_floating_point_7_1__ref_view_fileset</spirit:name>
      <spirit:vendorExtensions>
        <xilinx:subCoreRef>
          <xilinx:componentRef xilinx:vendor="xilinx.com" xilinx:library="ip" xilinx:name="floating_point" xilinx:version="7.1">
            <xilinx:mode xilinx:name="copy_mode"/>
          </xilinx:componentRef>
        </xilinx:subCoreRef>
      </spirit:vendorExtensions>
    </spirit:fileSet>
    <spirit:fileSet>
      <spirit:name>xilinx_vhdlsynthesis_view_fileset</spirit:name>
      <spirit:file>
        <spirit:name>constraints/mixer_ooc.xdc</spirit:name>
        <spirit:userFileType>xdc</spirit:userFileType>
        <spirit:userFileType>USED_IN_out_of_context</spirit:userFileType>
      </spirit:file>
      <spirit:file>
        <spirit:name>hdl/ip/mixer_dadd_64ns_64ns_64_4_full_dsp_1_ip.v</spirit:name>
        <spirit:fileType>verilogSource</spirit:fileType>
      </spirit:file>
      <spirit:file>
        <spirit:name>hdl/ip/mixer_faddfsub_32ns_32ns_32_4_full_dsp_1_ip.v</spirit:name>
        <spirit:fileType>verilogSource</spirit:fileType>
      </spirit:file>
      <spirit:file>
        <spirit:name>hdl/ip/mixer_fcmp_32ns_32ns_1_2_no_dsp_1_ip.v</spirit:name>
        <spirit:fileType>verilogSource</spirit:fileType>
      </spirit:file>
      <spirit:file>
        <spirit:name>hdl/ip/mixer_fdiv_32ns_32ns_32_8_no_dsp_1_ip.v</spirit:name>
        <spirit:fileType>verilogSource</spirit:fileType>
      </spirit:file>
      <spirit:file>
        <spirit:name>hdl/ip/mixer_fmul_32ns_32ns_32_2_max_dsp_1_ip.v</spirit:name>
        <spirit:fileType>verilogSource</spirit:fileType>
      </spirit:file>
      <spirit:file>
        <spirit:name>hdl/ip/mixer_fpext_32ns_64_2_no_dsp_1_ip.v</spirit:name>
        <spirit:fileType>verilogSource</spirit:fileType>
      </spirit:file>
      <spirit:file>
        <spirit:name>hdl/ip/mixer_fptrunc_64ns_32_2_no_dsp_1_ip.v</spirit:name>
        <spirit:fileType>verilogSource</spirit:fileType>
      </spirit:file>
      <spirit:file>
        <spirit:name>hdl/vhdl/mixer_control_s_axi.vhd</spirit:name>
        <spirit:fileType>vhdlSource</spirit:fileType>
      </spirit:file>
      <spirit:file>
        <spirit:name>hdl/vhdl/mixer_dadd_64ns_64ns_64_4_full_dsp_1.vhd</spirit:name>
        <spirit:fileType>vhdlSource</spirit:fileType>
      </spirit:file>
      <spirit:file>
        <spirit:name>hdl/vhdl/mixer_exp_generic_double_s.vhd</spirit:name>
        <spirit:fileType>vhdlSource</spirit:fileType>
      </spirit:file>
      <spirit:file>
        <spirit:name>hdl/vhdl/mixer_exp_generic_double_s_table_exp_Z1_ap_ufixed_58_1_ap_q_mode_5_ap_o_mode_3_0_arbkb.vhd</spirit:name>
        <spirit:fileType>vhdlSource</spirit:fileType>
      </spirit:file>
      <spirit:file>
        <spirit:name>hdl/vhdl/mixer_exp_generic_double_s_table_f_Z2_ap_ufixed_59_0_ap_q_mode_5_ap_o_mode_3_0_arradEe.vhd</spirit:name>
        <spirit:fileType>vhdlSource</spirit:fileType>
      </spirit:file>
      <spirit:file>
        <spirit:name>hdl/vhdl/mixer_exp_generic_double_s_table_f_Z3_ap_ufixed_59_0_ap_q_mode_5_ap_o_mode_3_0_arracud.vhd</spirit:name>
        <spirit:fileType>vhdlSource</spirit:fileType>
      </spirit:file>
      <spirit:file>
        <spirit:name>hdl/vhdl/mixer_faddfsub_32ns_32ns_32_4_full_dsp_1.vhd</spirit:name>
        <spirit:fileType>vhdlSource</spirit:fileType>
      </spirit:file>
      <spirit:file>
        <spirit:name>hdl/vhdl/mixer_fcmp_32ns_32ns_1_2_no_dsp_1.vhd</spirit:name>
        <spirit:fileType>vhdlSource</spirit:fileType>
      </spirit:file>
      <spirit:file>
        <spirit:name>hdl/vhdl/mixer_fdiv_32ns_32ns_32_8_no_dsp_1.vhd</spirit:name>
        <spirit:fileType>vhdlSource</spirit:fileType>
      </spirit:file>
      <spirit:file>
        <spirit:name>hdl/vhdl/mixer_fmul_32ns_32ns_32_2_max_dsp_1.vhd</spirit:name>
        <spirit:fileType>vhdlSource</spirit:fileType>
      </spirit:file>
      <spirit:file>
        <spirit:name>hdl/vhdl/mixer_fpext_32ns_64_2_no_dsp_1.vhd</spirit:name>
        <spirit:fileType>vhdlSource</spirit:fileType>
      </spirit:file>
      <spirit:file>
        <spirit:name>hdl/vhdl/mixer_fptrunc_64ns_32_2_no_dsp_1.vhd</spirit:name>
        <spirit:fileType>vhdlSource</spirit:fileType>
      </spirit:file>
      <spirit:file>
        <spirit:name>hdl/vhdl/mixer_generic_tanh_float_s.vhd</spirit:name>
        <spirit:fileType>vhdlSource</spirit:fileType>
      </spirit:file>
      <spirit:file>
        <spirit:name>hdl/vhdl/mixer_mac_muladd_16s_15ns_19s_31_4_1.vhd</spirit:name>
        <spirit:fileType>vhdlSource</spirit:fileType>
      </spirit:file>
      <spirit:file>
        <spirit:name>hdl/vhdl/mixer_mul_13s_71s_71_1_1.vhd</spirit:name>
        <spirit:fileType>vhdlSource</spirit:fileType>
      </spirit:file>
      <spirit:file>
        <spirit:name>hdl/vhdl/mixer_mul_43ns_36ns_79_1_1.vhd</spirit:name>
        <spirit:fileType>vhdlSource</spirit:fileType>
      </spirit:file>
      <spirit:file>
        <spirit:name>hdl/vhdl/mixer_mul_49ns_44ns_93_1_1.vhd</spirit:name>
        <spirit:fileType>vhdlSource</spirit:fileType>
      </spirit:file>
      <spirit:file>
        <spirit:name>hdl/vhdl/mixer_mul_50ns_50ns_100_1_1.vhd</spirit:name>
        <spirit:fileType>vhdlSource</spirit:fileType>
      </spirit:file>
      <spirit:file>
        <spirit:name>hdl/vhdl/mixer_sparsemux_9_3_64_1_1.vhd</spirit:name>
        <spirit:fileType>vhdlSource</spirit:fileType>
      </spirit:file>
      <spirit:file>
        <spirit:name>hdl/vhdl/mixer.vhd</spirit:name>
        <spirit:fileType>vhdlSource</spirit:fileType>
        <spirit:userFileType>CHECKSUM_e5bc5a62</spirit:userFileType>
      </spirit:file>
    </spirit:fileSet>
    <spirit:fileSet>
      <spirit:name>xilinx_vhdlsynthesis_xilinx_com_ip_floating_point_7_1__ref_view_fileset</spirit:name>
      <spirit:vendorExtensions>
        <xilinx:subCoreRef>
          <xilinx:componentRef xilinx:vendor="xilinx.com" xilinx:library="ip" xilinx:name="floating_point" xilinx:version="7.1">
            <xilinx:mode xilinx:name="copy_mode"/>
          </xilinx:componentRef>
        </xilinx:subCoreRef>
      </spirit:vendorExtensions>
    </spirit:fileSet>
    <spirit:fileSet>
      <spirit:name>xilinx_vhdlbehavioralsimulation_view_fileset</spirit:name>
      <spirit:file>
        <spirit:name>hdl/ip/mixer_dadd_64ns_64ns_64_4_full_dsp_1_ip.v</spirit:name>
        <spirit:fileType>verilogSource</spirit:fileType>
        <spirit:userFileType>USED_IN_ipstatic</spirit:userFileType>
      </spirit:file>
      <spirit:file>
        <spirit:name>hdl/ip/mixer_faddfsub_32ns_32ns_32_4_full_dsp_1_ip.v</spirit:name>
        <spirit:fileType>verilogSource</spirit:fileType>
        <spirit:userFileType>USED_IN_ipstatic</spirit:userFileType>
      </spirit:file>
      <spirit:file>
        <spirit:name>hdl/ip/mixer_fcmp_32ns_32ns_1_2_no_dsp_1_ip.v</spirit:name>
        <spirit:fileType>verilogSource</spirit:fileType>
        <spirit:userFileType>USED_IN_ipstatic</spirit:userFileType>
      </spirit:file>
      <spirit:file>
        <spirit:name>hdl/ip/mixer_fdiv_32ns_32ns_32_8_no_dsp_1_ip.v</spirit:name>
        <spirit:fileType>verilogSource</spirit:fileType>
        <spirit:userFileType>USED_IN_ipstatic</spirit:userFileType>
      </spirit:file>
      <spirit:file>
        <spirit:name>hdl/ip/mixer_fmul_32ns_32ns_32_2_max_dsp_1_ip.v</spirit:name>
        <spirit:fileType>verilogSource</spirit:fileType>
        <spirit:userFileType>USED_IN_ipstatic</spirit:userFileType>
      </spirit:file>
      <spirit:file>
        <spirit:name>hdl/ip/mixer_fpext_32ns_64_2_no_dsp_1_ip.v</spirit:name>
        <spirit:fileType>verilogSource</spirit:fileType>
        <spirit:userFileType>USED_IN_ipstatic</spirit:userFileType>
      </spirit:file>
      <spirit:file>
        <spirit:name>hdl/ip/mixer_fptrunc_64ns_32_2_no_dsp_1_ip.v</spirit:name>
        <spirit:fileType>verilogSource</spirit:fileType>
        <spirit:userFileType>USED_IN_ipstatic</spirit:userFileType>
      </spirit:file>
      <spirit:file>
        <spirit:name>hdl/vhdl/mixer_control_s_axi.vhd</spirit:name>
        <spirit:fileType>vhdlSource</spirit:fileType>
        <spirit:userFileType>USED_IN_ipstatic</spirit:userFileType>
      </spirit:file>
      <spirit:file>
        <spirit:name>hdl/vhdl/mixer_dadd_64ns_64ns_64_4_full_dsp_1.vhd</spirit:name>
        <spirit:fileType>vhdlSource</spirit:fileType>
        <spirit:userFileType>USED_IN_ipstatic</spirit:userFileType>
      </spirit:file>
      <spirit:file>
        <spirit:name>hdl/vhdl/mixer_exp_generic_double_s.vhd</spirit:name>
        <spirit:fileType>vhdlSource</spirit:fileType>
        <spirit:userFileType>USED_IN_ipstatic</spirit:userFileType>
      </spirit:file>
      <spirit:file>
        <spirit:name>hdl/vhdl/mixer_exp_generic_double_s_table_exp_Z1_ap_ufixed_58_1_ap_q_mode_5_ap_o_mode_3_0_arbkb.vhd</spirit:name>
        <spirit:fileType>vhdlSource</spirit:fileType>
        <spirit:userFileType>USED_IN_ipstatic</spirit:userFileType>
      </spirit:file>
      <spirit:file>
        <spirit:name>hdl/vhdl/mixer_exp_generic_double_s_table_f_Z2_ap_ufixed_59_0_ap_q_mode_5_ap_o_mode_3_0_arradEe.vhd</spirit:name>
        <spirit:fileType>vhdlSource</spirit:fileType>
        <spirit:userFileType>USED_IN_ipstatic</spirit:userFileType>
      </spirit:file>
      <spirit:file>
        <spirit:name>hdl/vhdl/mixer_exp_generic_double_s_table_f_Z3_ap_ufixed_59_0_ap_q_mode_5_ap_o_mode_3_0_arracud.vhd</spirit:name>
        <spirit:fileType>vhdlSource</spirit:fileType>
        <spirit:userFileType>USED_IN_ipstatic</spirit:userFileType>
      </spirit:file>
      <spirit:file>
        <spirit:name>hdl/vhdl/mixer_faddfsub_32ns_32ns_32_4_full_dsp_1.vhd</spirit:name>
        <spirit:fileType>vhdlSource</spirit:fileType>
        <spirit:userFileType>USED_IN_ipstatic</spirit:userFileType>
      </spirit:file>
      <spirit:file>
        <spirit:name>hdl/vhdl/mixer_fcmp_32ns_32ns_1_2_no_dsp_1.vhd</spirit:name>
        <spirit:fileType>vhdlSource</spirit:fileType>
        <spirit:userFileType>USED_IN_ipstatic</spirit:userFileType>
      </spirit:file>
      <spirit:file>
        <spirit:name>hdl/vhdl/mixer_fdiv_32ns_32ns_32_8_no_dsp_1.vhd</spirit:name>
        <spirit:fileType>vhdlSource</spirit:fileType>
        <spirit:userFileType>USED_IN_ipstatic</spirit:userFileType>
      </spirit:file>
      <spirit:file>
        <spirit:name>hdl/vhdl/mixer_fmul_32ns_32ns_32_2_max_dsp_1.vhd</spirit:name>
        <spirit:fileType>vhdlSource</spirit:fileType>
        <spirit:userFileType>USED_IN_ipstatic</spirit:userFileType>
      </spirit:file>
      <spirit:file>
        <spirit:name>hdl/vhdl/mixer_fpext_32ns_64_2_no_dsp_1.vhd</spirit:name>
        <spirit:fileType>vhdlSource</spirit:fileType>
        <spirit:userFileType>USED_IN_ipstatic</spirit:userFileType>
      </spirit:file>
      <spirit:file>
        <spirit:name>hdl/vhdl/mixer_fptrunc_64ns_32_2_no_dsp_1.vhd</spirit:name>
        <spirit:fileType>vhdlSource</spirit:fileType>
        <spirit:userFileType>USED_IN_ipstatic</spirit:userFileType>
      </spirit:file>
      <spirit:file>
        <spirit:name>hdl/vhdl/mixer_generic_tanh_float_s.vhd</spirit:name>
        <spirit:fileType>vhdlSource</spirit:fileType>
        <spirit:userFileType>USED_IN_ipstatic</spirit:userFileType>
      </spirit:file>
      <spirit:file>
        <spirit:name>hdl/vhdl/mixer_mac_muladd_16s_15ns_19s_31_4_1.vhd</spirit:name>
        <spirit:fileType>vhdlSource</spirit:fileType>
        <spirit:userFileType>USED_IN_ipstatic</spirit:userFileType>
      </spirit:file>
      <spirit:file>
        <spirit:name>hdl/vhdl/mixer_mul_13s_71s_71_1_1.vhd</spirit:name>
        <spirit:fileType>vhdlSource</spirit:fileType>
        <spirit:userFileType>USED_IN_ipstatic</spirit:userFileType>
      </spirit:file>
      <spirit:file>
        <spirit:name>hdl/vhdl/mixer_mul_43ns_36ns_79_1_1.vhd</spirit:name>
        <spirit:fileType>vhdlSource</spirit:fileType>
        <spirit:userFileType>USED_IN_ipstatic</spirit:userFileType>
      </spirit:file>
      <spirit:file>
        <spirit:name>hdl/vhdl/mixer_mul_49ns_44ns_93_1_1.vhd</spirit:name>
        <spirit:fileType>vhdlSource</spirit:fileType>
        <spirit:userFileType>USED_IN_ipstatic</spirit:userFileType>
      </spirit:file>
      <spirit:file>
        <spirit:name>hdl/vhdl/mixer_mul_50ns_50ns_100_1_1.vhd</spirit:name>
        <spirit:fileType>vhdlSource</spirit:fileType>
        <spirit:userFileType>USED_IN_ipstatic</spirit:userFileType>
      </spirit:file>
      <spirit:file>
        <spirit:name>hdl/vhdl/mixer_sparsemux_9_3_64_1_1.vhd</spirit:name>
        <spirit:fileType>vhdlSource</spirit:fileType>
        <spirit:userFileType>USED_IN_ipstatic</spirit:userFileType>
      </spirit:file>
      <spirit:file>
        <spirit:name>hdl/vhdl/mixer.vhd</spirit:name>
        <spirit:fileType>vhdlSource</spirit:fileType>
        <spirit:userFileType>USED_IN_ipstatic</spirit:userFileType>
      </spirit:file>
    </spirit:fileSet>
    <spirit:fileSet>
      <spirit:name>xilinx_vhdlbehavioralsimulation_xilinx_com_ip_floating_point_7_1__ref_view_fileset</spirit:name>
      <spirit:vendorExtensions>
        <xilinx:subCoreRef>
          <xilinx:componentRef xilinx:vendor="xilinx.com" xilinx:library="ip" xilinx:name="floating_point" xilinx:version="7.1">
            <xilinx:mode xilinx:name="copy_mode"/>
          </xilinx:componentRef>
        </xilinx:subCoreRef>
      </spirit:vendorExtensions>
    </spirit:fileSet>
    <spirit:fileSet>
      <spirit:name>xilinx_softwaredriver_view_fileset</spirit:name>
      <spirit:file>
        <spirit:name>drivers/mixer_v1_0/data/mixer.mdd</spirit:name>
        <spirit:userFileType>driver_mdd</spirit:userFileType>
      </spirit:file>
      <spirit:file>
        <spirit:name>drivers/mixer_v1_0/data/mixer.tcl</spirit:name>
        <spirit:userFileType>driver_tcl</spirit:userFileType>
      </spirit:file>
      <spirit:file>
        <spirit:name>drivers/mixer_v1_0/data/mixer.yaml</spirit:name>
        <spirit:userFileType>driver_yml</spirit:userFileType>
      </spirit:file>
      <spirit:file>
        <spirit:name>drivers/mixer_v1_0/src/CMakeLists.txt</spirit:name>
        <spirit:userFileType>driver_src</spirit:userFileType>
      </spirit:file>
      <spirit:file>
        <spirit:name>drivers/mixer_v1_0/src/Makefile</spirit:name>
        <spirit:userFileType>driver_src</spirit:userFileType>
      </spirit:file>
      <spirit:file>
        <spirit:name>drivers/mixer_v1_0/src/xmixer.c</spirit:name>
        <spirit:userFileType>driver_src</spirit:userFileType>
      </spirit:file>
      <spirit:file>
        <spirit:name>drivers/mixer_v1_0/src/xmixer.h</spirit:name>
        <spirit:userFileType>driver_src</spirit:userFileType>
      </spirit:file>
      <spirit:file>
        <spirit:name>drivers/mixer_v1_0/src/xmixer_hw.h</spirit:name>
        <spirit:userFileType>driver_src</spirit:userFileType>
      </spirit:file>
      <spirit:file>
        <spirit:name>drivers/mixer_v1_0/src/xmixer_linux.c</spirit:name>
        <spirit:userFileType>driver_src</spirit:userFileType>
      </spirit:file>
      <spirit:file>
        <spirit:name>drivers/mixer_v1_0/src/xmixer_sinit.c</spirit:name>
        <spirit:userFileType>driver_src</spirit:userFileType>
      </spirit:file>
    </spirit:fileSet>
    <spirit:fileSet>
      <spirit:name>xilinx_documentation_view_fileset</spirit:name>
      <spirit:file>
        <spirit:name>doc/ReleaseNotes.txt</spirit:name>
        <spirit:userFileType>text</spirit:userFileType>
      </spirit:file>
    </spirit:fileSet>
    <spirit:fileSet>
      <spirit:name>xilinx_miscfiles_view_fileset</spirit:name>
      <spirit:file>
        <spirit:name>misc/logo.png</spirit:name>
        <spirit:userFileType>image</spirit:userFileType>
      </spirit:file>
    </spirit:fileSet>
    <spirit:fileSet>
      <spirit:name>xilinx_xpgui_view_fileset</spirit:name>
      <spirit:file>
        <spirit:name>xgui/mixer_v1_0.tcl</spirit:name>
        <spirit:fileType>tclSource</spirit:fileType>
        <spirit:userFileType>CHECKSUM_1bebb479</spirit:userFileType>
        <spirit:userFileType>XGUI_VERSION_2</spirit:userFileType>
      </spirit:file>
    </spirit:fileSet>
    <spirit:fileSet>
      <spirit:name>xilinx_utilityxitfiles_view_fileset</spirit:name>
      <spirit:file>
        <spirit:name>misc/logo.png</spirit:name>
        <spirit:userFileType>image</spirit:userFileType>
        <spirit:userFileType>LOGO</spirit:userFileType>
      </spirit:file>
    </spirit:fileSet>
  </spirit:fileSets>
  <spirit:description>An IP generated by Vitis HLS</spirit:description>
  <spirit:parameters>
    <spirit:parameter>
      <spirit:name>Component_Name</spirit:name>
      <spirit:value spirit:resolve="user" spirit:id="PARAM_VALUE.Component_Name" spirit:order="1">mixer_v1_0</spirit:value>
    </spirit:parameter>
    <spirit:parameter>
      <spirit:name>clk_period</spirit:name>
      <spirit:value spirit:id="PARAM_VALUE.clk_period" spirit:order="1">20</spirit:value>
    </spirit:parameter>
    <spirit:parameter>
      <spirit:name>machine</spirit:name>
      <spirit:value spirit:id="PARAM_VALUE.machine" spirit:order="2">64</spirit:value>
    </spirit:parameter>
    <spirit:parameter>
      <spirit:name>combinational</spirit:name>
      <spirit:value spirit:id="PARAM_VALUE.combinational" spirit:order="3">0</spirit:value>
    </spirit:parameter>
    <spirit:parameter>
      <spirit:name>latency</spirit:name>
      <spirit:value spirit:id="PARAM_VALUE.latency" spirit:order="4">17</spirit:value>
    </spirit:parameter>
    <spirit:parameter>
      <spirit:name>II</spirit:name>
      <spirit:value spirit:id="PARAM_VALUE.II" spirit:order="5">18 ~ 53</spirit:value>
    </spirit:parameter>
  </spirit:parameters>
  <spirit:vendorExtensions>
    <xilinx:coreExtensions>
      <xilinx:supportedFamilies>
        <xilinx:family xilinx:lifeCycle="Pre-Production">zynq</xilinx:family>
      </xilinx:supportedFamilies>
      <xilinx:taxonomies>
        <xilinx:taxonomy>/VITIS_HLS_IP</xilinx:taxonomy>
      </xilinx:taxonomies>
      <xilinx:displayName>Mixer</xilinx:displayName>
      <xilinx:definitionSource>HLS</xilinx:definitionSource>
      <xilinx:coreRevision>2114093225</xilinx:coreRevision>
      <xilinx:coreCreationDateTime>2025-05-21T16:06:39Z</xilinx:coreCreationDateTime>
      <xilinx:sdxKernelAttributes>
        <xilinx:sdx_kernel>true</xilinx:sdx_kernel>
        <xilinx:sdx_kernel_type>hls</xilinx:sdx_kernel_type>
      </xilinx:sdxKernelAttributes>
    </xilinx:coreExtensions>
    <xilinx:packagingInfo>
      <xilinx:xilinxVersion>2024.1</xilinx:xilinxVersion>
      <xilinx:checksum xilinx:scope="busInterfaces" xilinx:value="35f7c3c2"/>
      <xilinx:checksum xilinx:scope="memoryMaps" xilinx:value="1baa8174"/>
      <xilinx:checksum xilinx:scope="fileGroups" xilinx:value="b8f9d065"/>
      <xilinx:checksum xilinx:scope="ports" xilinx:value="f48a8acb"/>
      <xilinx:checksum xilinx:scope="hdlParameters" xilinx:value="383b71cc"/>
      <xilinx:checksum xilinx:scope="parameters" xilinx:value="85ba3978"/>
    </xilinx:packagingInfo>
  </spirit:vendorExtensions>
</spirit:component>
